{
  "p10_mean": 43.86868528150314,
  "p50_mean": 47.90693564336098,
  "p90_mean": 52.1997352429118,
  "avg_interval_width": 8.331049961408661
}