{
  "p10_mean": 43.7094572493247,
  "prediction_mean": 48.06430312597859,
  "p90_mean": 52.4191490026325,
  "avg_interval_width": 8.709691753307805,
  "invalid_lower_predictions": 0,
  "invalid_upper_predictions": 0
}